feature_count,cv_balanced_accuracy_mean,cv_balanced_accuracy_std
40.0,0.7723833156091221,0.03948348303883385
60.0,0.768070818070818,0.03650043618285205
30.0,0.7609496238528497,0.03484398825008819
20.0,0.7552865414155738,0.0505097002327345
10.0,0.7461605419669937,0.05943456330234577
