strategy,model,cv_balanced_accuracy_mean,cv_balanced_accuracy_std,cv_f1_mean,cv_roc_auc_mean,test_accuracy,test_balanced_accuracy,test_precision,test_sensitivity,test_specificity,test_f1,test_roc_auc,best_params
mixed,SVM,0.6684364649202047,0.016401828683512303,0.6659620629568891,0.7229511065943993,0.7763157894736842,0.706830043113229,0.8495575221238938,0.8495575221238938,0.5641025641025641,0.8495575221238938,0.8168822328114363,"{""model__C"": 0.5, ""model__gamma"": ""scale"", ""model__kernel"": ""rbf""}"
mixed,RandomForest,0.6436598539596508,0.024135857490759676,0.7910513298760021,0.7568027326106594,0.8355263157894737,0.7550487860222374,0.8666666666666667,0.9203539823008849,0.5897435897435898,0.8927038626609443,0.8829135466303608,"{""max_depth"": 12, ""max_features"": 0.3, ""min_samples_leaf"": 4, ""n_estimators"": 500}"
mixed,LogisticRegression,0.6336242848539596,0.01737727525476717,0.6953165020522186,0.7124685712134899,0.7631578947368421,0.7063762196505559,0.8532110091743119,0.8230088495575221,0.5897435897435898,0.8378378378378378,0.8205128205128204,"{""model__C"": 0.1}"
mixed,KNN,0.632975007527853,0.01731544858611205,0.7799112786525715,0.6864546635049684,0.8552631578947368,0.8103017926026775,0.9026548672566371,0.9026548672566371,0.717948717948718,0.9026548672566371,0.8884728840481053,"{""model__n_neighbors"": 3, ""model__p"": 1, ""model__weights"": ""uniform""}"
mixed,GradientBoosting,0.6177474781692261,0.025580271910580245,0.7776230139544067,0.7345507753688648,0.7697368421052632,0.6268436578171092,0.8,0.9203539823008849,0.3333333333333333,0.8559670781893004,0.8311776718856364,"{""learning_rate"": 0.1, ""max_depth"": 2, ""n_estimators"": 200}"
