strategy,model,cv_balanced_accuracy_mean,cv_balanced_accuracy_std,cv_f1_mean,cv_roc_auc_mean,test_accuracy,test_balanced_accuracy,test_precision,test_recall,test_f1,test_roc_auc,best_params
real,RandomForest,0.8048769151994957,0.046859163697420665,0.9145183471499262,0.9071472685021071,0.8355263157894737,0.7718402541411391,0.8793103448275862,0.9026548672566371,0.8908296943231441,0.8869979577944179,"{""max_depth"": 12, ""max_features"": 0.3, ""min_samples_leaf"": 4, ""n_estimators"": 300}"
real,GradientBoosting,0.8037535940761747,0.02721005194219544,0.9182808691126771,0.9062178633791538,0.875,0.7983889267075108,0.8852459016393442,0.9557522123893806,0.9191489361702128,0.9160426594054912,"{""learning_rate"": 0.1, ""max_depth"": 3, ""n_estimators"": 200}"
real,KNN,0.795939186261767,0.029169009558158272,0.912645338053095,0.8655660981790014,0.8486842105263158,0.8058770138416156,0.9017857142857143,0.8938053097345132,0.8977777777777778,0.8845019287497163,"{""model__n_neighbors"": 3, ""model__p"": 1, ""model__weights"": ""uniform""}"
real,SVM,0.7865760762534956,0.023224787492170728,0.8756680745261421,0.8942762351149447,0.8421052631578947,0.8182437031994554,0.9158878504672897,0.8672566371681416,0.8909090909090909,0.9099160426594054,"{""model__C"": 3.0, ""model__gamma"": ""scale"", ""model__kernel"": ""rbf""}"
real,LogisticRegression,0.7776407105439362,0.030938723007608544,0.8505397460376589,0.8778528234012105,0.7763157894736842,0.7656001815293851,0.898989898989899,0.7876106194690266,0.839622641509434,0.8223281143635126,"{""model__C"": 0.1}"
