seed,strategy,model,accuracy,balanced_accuracy,precision,sensitivity,specificity,f1,roc_auc
13,real,RandomForest,0.8092105263157895,0.7289539369185387,0.8559322033898306,0.8938053097345132,0.5641025641025641,0.8744588744588745,0.8668028137054685
13,synthetic,KNN,0.6381578947368421,0.5467438166553211,0.7685185185185185,0.7345132743362832,0.358974358974359,0.751131221719457,0.5858860903108691
13,mixed,SVM,0.8026315789473685,0.7413206262763785,0.8672566371681416,0.8672566371681416,0.6153846153846154,0.8672566371681416,0.8316314953483095
42,real,RandomForest,0.8355263157894737,0.7718402541411391,0.8793103448275862,0.9026548672566371,0.6410256410256411,0.8908296943231441,0.8869979577944179
42,synthetic,KNN,0.5131578947368421,0.37871567960063535,0.6788990825688074,0.6548672566371682,0.10256410256410256,0.6666666666666666,0.3703199455411844
42,mixed,SVM,0.7894736842105263,0.6988881325164511,0.8403361344537815,0.8849557522123894,0.5128205128205128,0.8620689655172413,0.821647379169503
