strategy,model,accuracy_mean,accuracy_std,balanced_accuracy_mean,balanced_accuracy_std,precision_mean,precision_std,sensitivity_mean,sensitivity_std,specificity_mean,specificity_std,f1_mean,f1_std,roc_auc_mean,roc_auc_std
real,RandomForest,0.8223684210526316,0.01315789473684209,0.7503970955298389,0.021443158611300195,0.8676212741087084,0.011689070718877814,0.8982300884955752,0.004424778761061954,0.6025641025641026,0.03846153846153849,0.8826442843910093,0.00818540993213479,0.8769003857499432,0.0100975720444747
mixed,SVM,0.7960526315789473,0.006578947368421073,0.7201043793964148,0.021216246879963707,0.8537963858109616,0.013460251357180042,0.8761061946902655,0.008849557522123908,0.5641025641025641,0.05128205128205132,0.8646628013426915,0.0025938358254501415,0.8266394372589063,0.0049920580894032285
synthetic,KNN,0.5756578947368421,0.0625,0.46272974812797824,0.08401406852734289,0.7237088005436629,0.044809717974855556,0.6946902654867257,0.03982300884955753,0.23076923076923078,0.1282051282051282,0.7088989441930618,0.04223227752639519,0.4781030179260268,0.10778307238484236
