strategy,model,cv_balanced_accuracy_mean,cv_balanced_accuracy_std,cv_f1_mean,cv_roc_auc_mean,test_accuracy,test_balanced_accuracy,test_precision,test_recall,test_f1,test_roc_auc,best_params
synthetic,SVM,0.5374515322076298,0.03976761828339474,0.5991229695168314,0.5477948795157467,0.7302631578947368,0.6590651236668936,0.8272727272727273,0.8053097345132744,0.8161434977578476,0.7243022464261403,"{""model__C"": 3.0, ""model__gamma"": 0.001, ""model__kernel"": ""rbf""}"
synthetic,KNN,0.5338939846663424,0.024856814000576485,0.7437620478170544,0.5014139624302227,0.7105263157894737,0.5534377127297482,0.7674418604651163,0.8761061946902655,0.8181818181818182,0.5014749262536873,"{""model__n_neighbors"": 5, ""model__p"": 2, ""model__weights"": ""uniform""}"
synthetic,LogisticRegression,0.524351620225604,0.050561488247279844,0.6136572211101171,0.5276081115512009,0.7236842105263158,0.6714318130247334,0.8380952380952381,0.7787610619469026,0.8073394495412844,0.7279328341275244,"{""model__C"": 0.1}"
synthetic,RandomForest,0.5196115048757325,0.024379469067939873,0.7879464004810195,0.5293457716628448,0.743421052631579,0.5,0.743421052631579,1.0,0.8528301886792453,0.5005672793283412,"{""max_depth"": null, ""max_features"": 0.3, ""min_samples_leaf"": 4, ""n_estimators"": 300}"
synthetic,GradientBoosting,0.5114816552011674,0.010296446943572528,0.7607819824219092,0.5061997853596769,0.6842105263157895,0.5525300658044021,0.768595041322314,0.8230088495575221,0.7948717948717948,0.5899705014749262,"{""learning_rate"": 0.1, ""max_depth"": 3, ""n_estimators"": 100}"
