strategy,model,cv_balanced_accuracy_mean,cv_balanced_accuracy_std,cv_f1_mean,cv_roc_auc_mean,test_accuracy,test_balanced_accuracy,test_precision,test_sensitivity,test_specificity,test_f1,test_roc_auc,best_params
synthetic,KNN,0.5316806722689076,0.03456149045076447,0.6378380145089478,0.5370917062477164,0.6578947368421053,0.5936010891763104,0.7961165048543689,0.7256637168141593,0.46153846153846156,0.7592592592592593,0.605400499205809,"{""model__n_neighbors"": 5, ""model__p"": 1, ""model__weights"": ""uniform""}"
synthetic,RandomForest,0.5125806844476921,0.011380317938244023,0.6733380882739746,0.5114691673770958,0.6776315789473685,0.5984796914000454,0.7962962962962963,0.7610619469026548,0.4358974358974359,0.7782805429864253,0.6505559337417743,"{""max_depth"": 12, ""max_features"": ""sqrt"", ""min_samples_leaf"": 4, ""n_estimators"": 500}"
synthetic,SVM,0.5079637072220192,0.022691537206276726,0.5843036985812718,0.504193561482564,0.5592105263157895,0.61118674835489,0.8382352941176471,0.504424778761062,0.717948717948718,0.6298342541436464,0.3748581801679147,"{""model__C"": 1.0, ""model__gamma"": 0.01, ""model__kernel"": ""rbf""}"
synthetic,GradientBoosting,0.5009438558031909,0.058472097886170714,0.6226247499871789,0.49156578573458376,0.5526315789473685,0.539596097118221,0.7710843373493976,0.5663716814159292,0.5128205128205128,0.6530612244897959,0.5373269798048559,"{""learning_rate"": 0.1, ""max_depth"": 2, ""n_estimators"": 200}"
synthetic,LogisticRegression,0.4933138472780416,0.03283530594533651,0.559085032843665,0.4849786871270247,0.5921052631578947,0.5997277059223962,0.8148148148148148,0.584070796460177,0.6153846153846154,0.6804123711340206,0.6274109371454504,"{""model__C"": 0.1}"
